ds,trend,yhat_lower,yhat_upper,trend_lower,trend_upper,additive_terms,additive_terms_lower,additive_terms_upper,atendimento_pre_hospitalar,atendimento_pre_hospitalar_lower,atendimento_pre_hospitalar_upper,extra_regressors_additive,extra_regressors_additive_lower,extra_regressors_additive_upper,lesao_corporal_seguida_de_morte,lesao_corporal_seguida_de_morte_lower,lesao_corporal_seguida_de_morte_upper,morte_de_agente_do_estado,morte_de_agente_do_estado_lower,morte_de_agente_do_estado_upper,pessoa_localizada,pessoa_localizada_lower,pessoa_localizada_upper,suicidio_de_agente_do_estado,suicidio_de_agente_do_estado_lower,suicidio_de_agente_do_estado_upper,tentativa_de_feminicidio,tentativa_de_feminicidio_lower,tentativa_de_feminicidio_upper,weekly,weekly_lower,weekly_upper,yearly,yearly_lower,yearly_upper,multiplicative_terms,multiplicative_terms_lower,multiplicative_terms_upper,yhat
2015-04-01,2834.14144266,2018.6803842970214,3592.1350759310217,2834.14144266,2834.14144266,12.897972676543027,12.897972676543027,12.897972676543027,-224.00064470107765,-224.00064470107765,-224.00064470107765,-185.18721908603612,-185.18721908603612,-185.18721908603612,-30.634854653562716,-30.634854653562716,-30.634854653562716,24.76083854182555,24.76083854182555,24.76083854182555,32.904390189105754,32.904390189105754,32.904390189105754,12.051686881938132,12.051686881938132,12.051686881938132,-0.26863534426519825,-0.26863534426519825,-0.26863534426519825,386.42431961944936,386.42431961944936,386.42431961944936,-188.33912785687016,-188.33912785687016,-188.33912785687016,0.0,0.0,0.0,2847.039415336543
2015-05-01,2894.9771119680227,2710.4860274615494,4251.1299236790765,2894.9771119680227,2894.9771119680227,592.8642502545421,592.8642502545421,592.8642502545421,-224.00064470107765,-224.00064470107765,-224.00064470107765,-185.18721908603612,-185.18721908603612,-185.18721908603612,-30.634854653562716,-30.634854653562716,-30.634854653562716,24.76083854182555,24.76083854182555,24.76083854182555,32.904390189105754,32.904390189105754,32.904390189105754,12.051686881938132,12.051686881938132,12.051686881938132,-0.26863534426519825,-0.26863534426519825,-0.26863534426519825,167.99803316046973,167.99803316046973,167.99803316046973,610.0534361801085,610.0534361801085,610.0534361801085,0.0,0.0,0.0,3487.841362222565
2015-06-01,2957.8406369196464,2368.9720659595882,3899.654039439101,2957.8406369196464,2957.8406369196464,181.12436818901355,181.12436818901355,181.12436818901355,-224.00064470107765,-224.00064470107765,-224.00064470107765,-185.18721908603612,-185.18721908603612,-185.18721908603612,-30.634854653562716,-30.634854653562716,-30.634854653562716,24.76083854182555,24.76083854182555,24.76083854182555,32.904390189105754,32.904390189105754,32.904390189105754,12.051686881938132,12.051686881938132,12.051686881938132,-0.26863534426519825,-0.26863534426519825,-0.26863534426519825,-13.206074577020773,-13.206074577020773,-13.206074577020773,379.5176618520705,379.5176618520705,379.5176618520705,0.0,0.0,0.0,3138.96500510866
2015-07-01,3018.676306227669,2030.2430821006737,3636.9241377443786,3018.676306227669,3018.676306227669,-160.51149425253368,-160.51149425253368,-160.51149425253368,-224.00064470107765,-224.00064470107765,-224.00064470107765,-185.18721908603612,-185.18721908603612,-185.18721908603612,-30.634854653562716,-30.634854653562716,-30.634854653562716,24.76083854182555,24.76083854182555,24.76083854182555,32.904390189105754,32.904390189105754,32.904390189105754,12.051686881938132,12.051686881938132,12.051686881938132,-0.26863534426519825,-0.26863534426519825,-0.26863534426519825,386.4243196192655,386.4243196192655,386.4243196192655,-361.74859478576303,-361.74859478576303,-361.74859478576303,0.0,0.0,0.0,2858.1648119751353
2015-08-01,3081.5398301983405,2685.8182042096855,4239.209734067175,3081.5398301983405,3081.5398301983405,381.67121821020487,381.67121821020487,381.67121821020487,-224.00064470107765,-224.00064470107765,-224.00064470107765,-185.18721908603612,-185.18721908603612,-185.18721908603612,-30.634854653562716,-30.634854653562716,-30.634854653562716,24.76083854182555,24.76083854182555,24.76083854182555,32.904390189105754,32.904390189105754,32.904390189105754,12.051686881938132,12.051686881938132,12.051686881938132,-0.26863534426519825,-0.26863534426519825,-0.26863534426519825,-276.44075177302375,-276.44075177302375,-276.44075177302375,843.2991890692648,843.2991890692648,843.2991890692648,0.0,0.0,0.0,3463.211048408545
2015-09-01,3144.4033541690123,2891.786731576262,4400.101796404064,3144.4033541690123,3144.4033541690123,555.7757336358877,555.7757336358877,555.7757336358877,-224.00064470107765,-224.00064470107765,-224.00064470107765,-185.18721908603612,-185.18721908603612,-185.18721908603612,-30.634854653562716,-30.634854653562716,-30.634854653562716,24.76083854182555,24.76083854182555,24.76083854182555,32.904390189105754,32.904390189105754,32.904390189105754,12.051686881938132,12.051686881938132,12.051686881938132,-0.26863534426519825,-0.26863534426519825,-0.26863534426519825,-218.94738856436044,-218.94738856436044,-218.94738856436044,959.9103412862844,959.9103412862844,959.9103412862844,0.0,0.0,0.0,3700.1790878049
2015-10-01,3205.2390225277263,2896.5259487282547,4542.562610333032,3205.2390225277263,3205.2390225277263,541.0631202233164,541.0631202233164,541.0631202233164,-224.00064470107765,-224.00064470107765,-224.00064470107765,-185.18721908603612,-185.18721908603612,-185.18721908603612,-30.634854653562716,-30.634854653562716,-30.634854653562716,24.76083854182555,24.76083854182555,24.76083854182555,32.904390189105754,32.904390189105754,32.904390189105754,12.051686881938132,12.051686881938132,12.051686881938132,-0.26863534426519825,-0.26863534426519825,-0.26863534426519825,295.9563096111103,295.9563096111103,295.9563096111103,430.29402969824224,430.29402969824224,430.29402969824224,0.0,0.0,0.0,3746.302142751043
2015-11-01,3268.1025464983973,2047.265570214788,3598.1821142133376,3268.1025464983973,3268.1025464983973,-408.99958568959005,-408.99958568959005,-408.99958568959005,-224.00064470107765,-224.00064470107765,-224.00064470107765,-185.18721908603612,-185.18721908603612,-185.18721908603612,-30.634854653562716,-30.634854653562716,-30.634854653562716,24.76083854182555,24.76083854182555,24.76083854182555,32.904390189105754,32.904390189105754,32.904390189105754,12.051686881938132,12.051686881938132,12.051686881938132,-0.26863534426519825,-0.26863534426519825,-0.26863534426519825,-341.7844474755388,-341.7844474755388,-341.7844474755388,117.97208087198482,117.97208087198482,117.97208087198482,0.0,0.0,0.0,2859.1029608088074
2015-12-01,3328.9382252533715,389.68189958255533,1979.151195029606,3328.9382252533715,3328.9382252533715,-2149.4752084201386,-2149.4752084201386,-2149.4752084201386,-224.00064470107765,-224.00064470107765,-224.00064470107765,-185.18721908603612,-185.18721908603612,-185.18721908603612,-30.634854653562716,-30.634854653562716,-30.634854653562716,24.76083854182555,24.76083854182555,24.76083854182555,32.904390189105754,32.904390189105754,32.904390189105754,12.051686881938132,12.051686881938132,12.051686881938132,-0.26863534426519825,-0.26863534426519825,-0.26863534426519825,-218.9473885643295,-218.9473885643295,-218.9473885643295,-1745.3406007697724,-1745.3406007697724,-1745.3406007697724,0.0,0.0,0.0,1179.4630168332328
2016-01-01,3391.8017599668447,2420.944112901024,3946.1152107093753,3391.8017599668447,3391.8017599668447,-239.21947103633775,-239.21947103633775,-239.21947103633775,-224.00064470107765,-224.00064470107765,-224.00064470107765,-185.18721908603612,-185.18721908603612,-185.18721908603612,-30.634854653562716,-30.634854653562716,-30.634854653562716,24.76083854182555,24.76083854182555,24.76083854182555,32.904390189105754,32.904390189105754,32.904390189105754,12.051686881938132,12.051686881938132,12.051686881938132,-0.26863534426519825,-0.26863534426519825,-0.26863534426519825,167.99803315981345,167.99803315981345,167.99803315981345,-222.03028511011502,-222.03028511011502,-222.03028511011502,0.0,0.0,0.0,3152.582288930507
2016-02-01,3454.6652946803183,1399.4037939314271,2966.127607690411,3454.6652946803183,3454.6652946803183,-1247.358483656237,-1247.358483656237,-1247.358483656237,-224.00064470107765,-224.00064470107765,-224.00064470107765,-185.18721908603612,-185.18721908603612,-185.18721908603612,-30.634854653562716,-30.634854653562716,-30.634854653562716,24.76083854182555,24.76083854182555,24.76083854182555,32.904390189105754,32.904390189105754,32.904390189105754,12.051686881938132,12.051686881938132,12.051686881938132,-0.26863534426519825,-0.26863534426519825,-0.26863534426519825,-13.20607457765431,-13.20607457765431,-13.20607457765431,-1048.9651899925466,-1048.9651899925466,-1048.9651899925466,0.0,0.0,0.0,2207.306811024081
2016-03-01,3513.473117954825,2463.888370168043,4037.7104677762645,3513.473117954825,3513.473117954825,-241.6342688574773,-241.6342688574773,-241.6342688574773,-224.00064470107765,-224.00064470107765,-224.00064470107765,-185.18721908603612,-185.18721908603612,-185.18721908603612,-30.634854653562716,-30.634854653562716,-30.634854653562716,24.76083854182555,24.76083854182555,24.76083854182555,32.904390189105754,32.904390189105754,32.904390189105754,12.051686881938132,12.051686881938132,12.051686881938132,-0.26863534426519825,-0.26863534426519825,-0.26863534426519825,-218.94738856441575,-218.94738856441575,-218.94738856441575,162.5003387929746,162.5003387929746,162.5003387929746,0.0,0.0,0.0,3271.8388490973475
2016-04-01,3576.3366531792976,2197.944646877119,3832.28854661996,3576.3366531792976,3576.3366531792976,-547.8523629362755,-547.8523629362755,-547.8523629362755,-224.00064470107765,-224.00064470107765,-224.00064470107765,-185.18721908603612,-185.18721908603612,-185.18721908603612,-30.634854653562716,-30.634854653562716,-30.634854653562716,24.76083854182555,24.76083854182555,24.76083854182555,32.904390189105754,32.904390189105754,32.904390189105754,12.051686881938132,12.051686881938132,12.051686881938132,-0.26863534426519825,-0.26863534426519825,-0.26863534426519825,167.9980331590451,167.9980331590451,167.9980331590451,-530.6631770092845,-530.6631770092845,-530.6631770092845,0.0,0.0,0.0,3028.484290243022
2016-05-01,3637.1723324287877,3399.159190187007,4985.860396333359,3637.1723324287877,3637.1723324287877,568.0174894816823,568.0174894816823,568.0174894816823,-224.00064470107765,-224.00064470107765,-224.00064470107765,-185.18721908603612,-185.18721908603612,-185.18721908603612,-30.634854653562716,-30.634854653562716,-30.634854653562716,24.76083854182555,24.76083854182555,24.76083854182555,32.904390189105754,32.904390189105754,32.904390189105754,12.051686881938132,12.051686881938132,12.051686881938132,-0.26863534426519825,-0.26863534426519825,-0.26863534426519825,-341.78444747667004,-341.78444747667004,-341.78444747667004,1094.9891560443887,1094.9891560443887,1094.9891560443887,0.0,0.0,0.0,4205.18982191047
2016-06-01,3700.035873420387,3527.2545891224713,5111.880302739142,3700.035873420387,3700.035873420387,589.0887093705713,589.0887093705713,589.0887093705713,-224.00064470107765,-224.00064470107765,-224.00064470107765,-185.18721908603612,-185.18721908603612,-185.18721908603612,-30.634854653562716,-30.634854653562716,-30.634854653562716,24.76083854182555,24.76083854182555,24.76083854182555,32.904390189105754,32.904390189105754,32.904390189105754,12.051686881938132,12.051686881938132,12.051686881938132,-0.26863534426519825,-0.26863534426519825,-0.26863534426519825,386.4243196198929,386.4243196198929,386.4243196198929,387.85160883671466,387.85160883671466,387.85160883671466,0.0,0.0,0.0,4289.124582790958
2016-07-01,3760.871558250967,2780.4288114171895,4403.429424179136,3760.871558250967,3760.871558250967,-216.55292296581754,-216.55292296581754,-216.55292296581754,-224.00064470107765,-224.00064470107765,-224.00064470107765,-185.18721908603612,-185.18721908603612,-185.18721908603612,-30.634854653562716,-30.634854653562716,-30.634854653562716,24.76083854182555,24.76083854182555,24.76083854182555,32.904390189105754,32.904390189105754,32.904390189105754,12.051686881938132,12.051686881938132,12.051686881938132,-0.26863534426519825,-0.26863534426519825,-0.26863534426519825,167.99803315936109,167.99803315936109,167.99803315936109,-199.36373703914245,-199.36373703914245,-199.36373703914245,0.0,0.0,0.0,3544.3186352851494
2016-08-01,3823.7350992425663,3620.996498464506,5202.847850439984,3823.7350992425663,3823.7350992425663,596.6300021495856,596.6300021495856,596.6300021495856,-224.00064470107765,-224.00064470107765,-224.00064470107765,-185.18721908603612,-185.18721908603612,-185.18721908603612,-30.634854653562716,-30.634854653562716,-30.634854653562716,24.76083854182555,24.76083854182555,24.76083854182555,32.904390189105754,32.904390189105754,32.904390189105754,12.051686881938132,12.051686881938132,12.051686881938132,-0.26863534426519825,-0.26863534426519825,-0.26863534426519825,-13.206074577787893,-13.206074577787893,-13.206074577787893,795.0232958134096,795.0232958134096,795.0232958134096,0.0,0.0,0.0,4420.365101392152
2016-09-01,3886.5986402341655,3954.2021863898485,5488.558584321139,3886.5986402341655,3886.5986402341655,863.556241187749,863.556241187749,863.556241187749,-224.00064470107765,-224.00064470107765,-224.00064470107765,-185.18721908603612,-185.18721908603612,-185.18721908603612,-30.634854653562716,-30.634854653562716,-30.634854653562716,24.76083854182555,24.76083854182555,24.76083854182555,32.904390189105754,32.904390189105754,32.904390189105754,12.051686881938132,12.051686881938132,12.051686881938132,-0.26863534426519825,-0.26863534426519825,-0.26863534426519825,295.9563096102326,295.9563096102326,295.9563096102326,752.7871506635529,752.7871506635529,752.7871506635529,0.0,0.0,0.0,4750.154881421915
2016-10-01,3949.809605062585,3098.262666459107,4690.1991058030835,3949.809605062585,3949.809605062585,-16.013111582700308,-16.013111582700308,-16.013111582700308,-224.00064470107765,-224.00064470107765,-224.00064470107765,-185.18721908603612,-185.18721908603612,-185.18721908603612,-30.634854653562716,-30.634854653562716,-30.634854653562716,24.76083854182555,24.76083854182555,24.76083854182555,32.904390189105754,32.904390189105754,32.904390189105754,12.051686881938132,12.051686881938132,12.051686881938132,-0.26863534426519825,-0.26863534426519825,-0.26863534426519825,-276.4407517732173,-276.4407517732173,-276.4407517732173,445.6148592765531,445.6148592765531,445.6148592765531,0.0,0.0,0.0,3933.7964934798847
2016-11-01,4015.1276020519517,2782.6954115821236,4325.6217892978475,4015.1276020519517,4015.1276020519517,-485.4485771017719,-485.4485771017719,-485.4485771017719,-224.00064470107765,-224.00064470107765,-224.00064470107765,-185.18721908603612,-185.18721908603612,-185.18721908603612,-30.634854653562716,-30.634854653562716,-30.634854653562716,24.76083854182555,24.76083854182555,24.76083854182555,32.904390189105754,32.904390189105754,32.904390189105754,12.051686881938132,12.051686881938132,12.051686881938132,-0.26863534426519825,-0.26863534426519825,-0.26863534426519825,-218.94738856428285,-218.94738856428285,-218.94738856428285,-81.31396945145288,-81.31396945145288,-81.31396945145288,0.0,0.0,0.0,3529.67902495018
2016-12-01,4078.338566880371,1580.0454369941833,3178.7279936098935,4078.338566880371,4078.338566880371,-1668.1666818186475,-1668.1666818186475,-1668.1666818186475,-224.00064470107765,-224.00064470107765,-224.00064470107765,-185.18721908603612,-185.18721908603612,-185.18721908603612,-30.634854653562716,-30.634854653562716,-30.634854653562716,24.76083854182555,24.76083854182555,24.76083854182555,32.904390189105754,32.904390189105754,32.904390189105754,12.051686881938132,12.051686881938132,12.051686881938132,-0.26863534426519825,-0.26863534426519825,-0.26863534426519825,295.9563096102348,295.9563096102348,295.9563096102348,-1778.9357723428461,-1778.9357723428461,-1778.9357723428461,0.0,0.0,0.0,2410.1718850617235
2017-01-01,4143.657348365017,3157.2595590231585,4671.1631270318385,4143.657348365017,4143.657348365017,-195.18812003171837,-195.18812003171837,-195.18812003171837,-224.00064470107765,-224.00064470107765,-224.00064470107765,-185.18721908603612,-185.18721908603612,-185.18721908603612,-30.634854653562716,-30.634854653562716,-30.634854653562716,24.76083854182555,24.76083854182555,24.76083854182555,32.904390189105754,32.904390189105754,32.904390189105754,12.051686881938132,12.051686881938132,12.051686881938132,-0.26863534426519825,-0.26863534426519825,-0.26863534426519825,-341.7844474753737,-341.7844474753737,-341.7844474753737,331.78354652969153,331.78354652969153,331.78354652969153,0.0,0.0,0.0,3948.469228333299
2017-02-01,4208.976129849663,2682.609368279619,4227.996422155445,4208.976129849663,4208.976129849663,-733.7129616282825,-733.7129616282825,-733.7129616282825,-224.00064470107765,-224.00064470107765,-224.00064470107765,-185.18721908603612,-185.18721908603612,-185.18721908603612,-30.634854653562716,-30.634854653562716,-30.634854653562716,24.76083854182555,24.76083854182555,24.76083854182555,32.904390189105754,32.904390189105754,32.904390189105754,12.051686881938132,12.051686881938132,12.051686881938132,-0.26863534426519825,-0.26863534426519825,-0.26863534426519825,386.42431961939667,386.42431961939667,386.42431961939667,-934.9500621616427,-934.9500621616427,-934.9500621616427,0.0,0.0,0.0,3475.2631682213805
2017-03-01,4267.973738932569,3997.4248909217936,5500.843545905484,4267.973738932569,4267.973738932569,506.72031443070995,506.72031443070995,506.72031443070995,-224.00064470107765,-224.00064470107765,-224.00064470107765,-185.18721908603612,-185.18721908603612,-185.18721908603612,-30.634854653562716,-30.634854653562716,-30.634854653562716,24.76083854182555,24.76083854182555,24.76083854182555,32.904390189105754,32.904390189105754,32.904390189105754,12.051686881938132,12.051686881938132,12.051686881938132,-0.26863534426519825,-0.26863534426519825,-0.26863534426519825,386.42431961903907,386.42431961903907,386.42431961903907,305.483213897707,305.483213897707,305.483213897707,0.0,0.0,0.0,4774.694053363279
2017-04-01,4347.617612540699,2719.441852419799,4284.714614889192,4347.617612540699,4347.617612540699,-874.3198328162855,-874.3198328162855,-874.3198328162855,-224.00064470107765,-224.00064470107765,-224.00064470107765,-185.18721908603612,-185.18721908603612,-185.18721908603612,-30.634854653562716,-30.634854653562716,-30.634854653562716,24.76083854182555,24.76083854182555,24.76083854182555,32.904390189105754,32.904390189105754,32.904390189105754,12.051686881938132,12.051686881938132,12.051686881938132,-0.26863534426519825,-0.26863534426519825,-0.26863534426519825,-276.4407517719142,-276.4407517719142,-276.4407517719142,-412.691861958335,-412.691861958335,-412.691861958335,0.0,0.0,0.0,3473.297779724414
2017-05-01,4424.692328935664,4387.525821197499,5955.741111324492,4424.692328935664,4424.692328935664,737.8455961892662,737.8455961892662,737.8455961892662,-224.00064470107765,-224.00064470107765,-224.00064470107765,-185.18721908603612,-185.18721908603612,-185.18721908603612,-30.634854653562716,-30.634854653562716,-30.634854653562716,24.76083854182555,24.76083854182555,24.76083854182555,32.904390189105754,32.904390189105754,32.904390189105754,12.051686881938132,12.051686881938132,12.051686881938132,-0.26863534426519825,-0.26863534426519825,-0.26863534426519825,-13.206074577144806,-13.206074577144806,-13.206074577144806,936.2388898524473,936.2388898524473,936.2388898524473,0.0,0.0,0.0,5162.53792512493
2017-06-01,4504.336202543794,4203.905188324631,5781.974461218173,4504.336202543794,4504.336202543794,495.06147844829246,495.06147844829246,495.06147844829246,-224.00064470107765,-224.00064470107765,-224.00064470107765,-185.18721908603612,-185.18721908603612,-185.18721908603612,-30.634854653562716,-30.634854653562716,-30.634854653562716,24.76083854182555,24.76083854182555,24.76083854182555,32.904390189105754,32.904390189105754,32.904390189105754,12.051686881938132,12.051686881938132,12.051686881938132,-0.26863534426519825,-0.26863534426519825,-0.26863534426519825,295.9563096110089,295.9563096110089,295.9563096110089,384.29238792331955,384.29238792331955,384.29238792331955,0.0,0.0,0.0,4999.397680992086
2017-07-01,4581.410918938757,3107.038222125266,4681.893654294527,4581.410918938757,4581.410918938757,-716.8137042772956,-716.8137042772956,-716.8137042772956,-224.00064470107765,-224.00064470107765,-224.00064470107765,-185.18721908603612,-185.18721908603612,-185.18721908603612,-30.634854653562716,-30.634854653562716,-30.634854653562716,24.76083854182555,24.76083854182555,24.76083854182555,32.904390189105754,32.904390189105754,32.904390189105754,12.051686881938132,12.051686881938132,12.051686881938132,-0.26863534426519825,-0.26863534426519825,-0.26863534426519825,-276.4407517722403,-276.4407517722403,-276.4407517722403,-255.18573341901907,-255.18573341901907,-255.18573341901907,0.0,0.0,0.0,3864.5972146614617
2017-08-01,4740.655408735806,4365.12485615403,5892.95760590483,4740.655408735806,4740.655408735806,404.89491672694624,404.89491672694624,404.89491672694624,-224.00064470107765,-224.00064470107765,-224.00064470107765,-185.18721908603612,-185.18721908603612,-185.18721908603612,-30.634854653562716,-30.634854653562716,-30.634854653562716,24.76083854182555,24.76083854182555,24.76083854182555,32.904390189105754,32.904390189105754,32.904390189105754,12.051686881938132,12.051686881938132,12.051686881938132,-0.26863534426519825,-0.26863534426519825,-0.26863534426519825,-218.94738856442447,-218.94738856442447,-218.94738856442447,809.0295243774069,809.0295243774069,809.0295243774069,0.0,0.0,0.0,5145.550325462753
2017-09-01,4899.899898532856,4893.4606130152215,6415.188960191041,4899.899898532856,4899.899898532856,804.3501593055872,804.3501593055872,804.3501593055872,-224.00064470107765,-224.00064470107765,-224.00064470107765,-185.18721908603612,-185.18721908603612,-185.18721908603612,-30.634854653562716,-30.634854653562716,-30.634854653562716,24.76083854182555,24.76083854182555,24.76083854182555,32.904390189105754,32.904390189105754,32.904390189105754,12.051686881938132,12.051686881938132,12.051686881938132,-0.26863534426519825,-0.26863534426519825,-0.26863534426519825,167.99803316042087,167.99803316042087,167.99803316042087,821.5393452312026,821.5393452312026,821.5393452312026,0.0,0.0,0.0,5704.250057838443
2017-10-01,5054.007469304193,4234.297080621237,5753.376334269592,5054.007469304193,5054.007469304193,-86.0200035568773,-86.0200035568773,-86.0200035568773,-224.00064470107765,-224.00064470107765,-224.00064470107765,-185.18721908603612,-185.18721908603612,-185.18721908603612,-30.634854653562716,-30.634854653562716,-30.634854653562716,24.76083854182555,24.76083854182555,24.76083854182555,32.904390189105754,32.904390189105754,32.904390189105754,12.051686881938132,12.051686881938132,12.051686881938132,-0.26863534426519825,-0.26863534426519825,-0.26863534426519825,-341.7844474762466,-341.7844474762466,-341.7844474762466,440.95166300540546,440.95166300540546,440.95166300540546,0.0,0.0,0.0,4967.9874657473165
2017-11-01,5287.639846075958,4685.928332702648,6298.041949660857,5287.639846075958,5287.639846075958,187.57477501371986,187.57477501371986,187.57477501371986,-224.00064470107765,-224.00064470107765,-224.00064470107765,-185.18721908603612,-185.18721908603612,-185.18721908603612,-30.634854653562716,-30.634854653562716,-30.634854653562716,24.76083854182555,24.76083854182555,24.76083854182555,32.904390189105754,32.904390189105754,32.904390189105754,12.051686881938132,12.051686881938132,12.051686881938132,-0.26863534426519825,-0.26863534426519825,-0.26863534426519825,386.424319619548,386.424319619548,386.424319619548,-13.66232551979203,-13.66232551979203,-13.66232551979203,0.0,0.0,0.0,5475.214621089678
2017-12-01,5513.735694564763,2933.708855996477,4529.309036523601,5513.735694564763,5513.735694564763,-1782.051991773374,-1782.051991773374,-1782.051991773374,-224.00064470107765,-224.00064470107765,-224.00064470107765,-185.18721908603612,-185.18721908603612,-185.18721908603612,-30.634854653562716,-30.634854653562716,-30.634854653562716,24.76083854182555,24.76083854182555,24.76083854182555,32.904390189105754,32.904390189105754,32.904390189105754,12.051686881938132,12.051686881938132,12.051686881938132,-0.26863534426519825,-0.26863534426519825,-0.26863534426519825,167.99803315965258,167.99803315965258,167.99803315965258,-1764.8628058469903,-1764.8628058469903,-1764.8628058469903,0.0,0.0,0.0,3731.6837027913894
2018-01-01,5747.368071336528,4893.457427417488,6531.665038416696,5747.368071336528,5747.368071336528,-50.58739003514994,-50.58739003514994,-50.58739003514994,-224.00064470107765,-224.00064470107765,-224.00064470107765,-185.18721908603612,-185.18721908603612,-185.18721908603612,-30.634854653562716,-30.634854653562716,-30.634854653562716,24.76083854182555,24.76083854182555,24.76083854182555,32.904390189105754,32.904390189105754,32.904390189105754,12.051686881938132,12.051686881938132,12.051686881938132,-0.26863534426519825,-0.26863534426519825,-0.26863534426519825,-13.206074577778375,-13.206074577778375,-13.206074577778375,147.80590362866457,147.80590362866457,147.80590362866457,0.0,0.0,0.0,5696.7806813013785
2018-02-01,5981.000455416074,4413.183487341807,5933.755395955648,5981.000455416074,5981.000455416074,-867.2803496207164,-867.2803496207164,-867.2803496207164,-224.00064470107765,-224.00064470107765,-224.00064470107765,-185.18721908603612,-185.18721908603612,-185.18721908603612,-30.634854653562716,-30.634854653562716,-30.634854653562716,24.76083854182555,24.76083854182555,24.76083854182555,32.904390189105754,32.904390189105754,32.904390189105754,12.051686881938132,12.051686881938132,12.051686881938132,-0.26863534426519825,-0.26863534426519825,-0.26863534426519825,295.9563096108983,295.9563096108983,295.9563096108983,-978.0494401455785,-978.0494401455785,-978.0494401455785,0.0,0.0,0.0,5113.720105795358
2018-03-01,6192.023253939535,6041.6004518005875,7510.330121211366,6192.023253939535,6192.023253939535,560.4599422695449,560.4599422695449,560.4599422695449,-224.00064470107765,-224.00064470107765,-224.00064470107765,-185.18721908603612,-185.18721908603612,-185.18721908603612,-30.634854653562716,-30.634854653562716,-30.634854653562716,24.76083854182555,24.76083854182555,24.76083854182555,32.904390189105754,32.904390189105754,32.904390189105754,12.051686881938132,12.051686881938132,12.051686881938132,-0.26863534426519825,-0.26863534426519825,-0.26863534426519825,295.95630961089546,295.95630961089546,295.95630961089546,449.6908517446857,449.6908517446857,449.6908517446857,0.0,0.0,0.0,6752.483196209079
2018-04-01,6425.65563801908,4790.725691031167,6410.000736693157,6425.65563801908,6425.65563801908,-825.5068278203406,-825.5068278203406,-825.5068278203406,-224.00064470107765,-224.00064470107765,-224.00064470107765,-185.18721908603612,-185.18721908603612,-185.18721908603612,-30.634854653562716,-30.634854653562716,-30.634854653562716,24.76083854182555,24.76083854182555,24.76083854182555,32.904390189105754,32.904390189105754,32.904390189105754,12.051686881938132,12.051686881938132,12.051686881938132,-0.26863534426519825,-0.26863534426519825,-0.26863534426519825,-341.7844474763281,-341.7844474763281,-341.7844474763281,-298.5351612579762,-298.5351612579762,-298.5351612579762,0.0,0.0,0.0,5600.148810198739
2018-05-01,6651.751493579929,6204.105067307283,7838.992810199945,6651.751493579929,6651.751493579929,370.4056428707647,370.4056428707647,370.4056428707647,-224.00064470107765,-224.00064470107765,-224.00064470107765,-185.18721908603612,-185.18721908603612,-185.18721908603612,-30.634854653562716,-30.634854653562716,-30.634854653562716,24.76083854182555,24.76083854182555,24.76083854182555,32.904390189105754,32.904390189105754,32.904390189105754,12.051686881938132,12.051686881938132,12.051686881938132,-0.26863534426519825,-0.26863534426519825,-0.26863534426519825,-218.94738856468328,-218.94738856468328,-218.94738856468328,774.5402505214842,774.5402505214842,774.5402505214842,0.0,0.0,0.0,7022.1571364506935
2018-06-01,6885.383877149541,6504.983934115972,8044.835559841587,6885.383877149541,6885.383877149541,364.2996124698288,364.2996124698288,364.2996124698288,-224.00064470107765,-224.00064470107765,-224.00064470107765,-185.18721908603612,-185.18721908603612,-185.18721908603612,-30.634854653562716,-30.634854653562716,-30.634854653562716,24.76083854182555,24.76083854182555,24.76083854182555,32.904390189105754,32.904390189105754,32.904390189105754,12.051686881938132,12.051686881938132,12.051686881938132,-0.26863534426519825,-0.26863534426519825,-0.26863534426519825,167.99803315931047,167.99803315931047,167.99803315931047,381.4887983965544,381.4887983965544,381.4887983965544,0.0,0.0,0.0,7249.6834896193695
2018-07-01,7111.479732216907,5498.09761431511,7056.00093777439,7111.479732216907,7111.479732216907,-836.3066563596036,-836.3066563596036,-836.3066563596036,-224.00064470107765,-224.00064470107765,-224.00064470107765,-185.18721908603612,-185.18721908603612,-185.18721908603612,-30.634854653562716,-30.634854653562716,-30.634854653562716,24.76083854182555,24.76083854182555,24.76083854182555,32.904390189105754,32.904390189105754,32.904390189105754,12.051686881938132,12.051686881938132,12.051686881938132,-0.26863534426519825,-0.26863534426519825,-0.26863534426519825,-341.784447476369,-341.784447476369,-341.784447476369,-309.3349897971984,-309.3349897971984,-309.3349897971984,0.0,0.0,0.0,6275.173075857303
2018-08-01,7345.112115786518,7629.55792866575,9110.14822809236,7345.112115786518,7345.112115786518,1026.3688940042312,1026.3688940042312,1026.3688940042312,-224.00064470107765,-224.00064470107765,-224.00064470107765,-185.18721908603612,-185.18721908603612,-185.18721908603612,-30.634854653562716,-30.634854653562716,-30.634854653562716,24.76083854182555,24.76083854182555,24.76083854182555,32.904390189105754,32.904390189105754,32.904390189105754,12.051686881938132,12.051686881938132,12.051686881938132,-0.26863534426519825,-0.26863534426519825,-0.26863534426519825,386.4243196186942,386.4243196186942,386.4243196186942,825.1317934715735,825.1317934715735,825.1317934715735,0.0,0.0,0.0,8371.48100979075
2018-09-01,7578.744496480052,7222.538358950794,8803.640998304647,7578.744496480052,7578.744496480052,428.98188025688984,428.98188025688984,428.98188025688984,-224.00064470107765,-224.00064470107765,-224.00064470107765,-185.18721908603612,-185.18721908603612,-185.18721908603612,-30.634854653562716,-30.634854653562716,-30.634854653562716,24.76083854182555,24.76083854182555,24.76083854182555,32.904390189105754,32.904390189105754,32.904390189105754,12.051686881938132,12.051686881938132,12.051686881938132,-0.26863534426519825,-0.26863534426519825,-0.26863534426519825,-276.44075177243377,-276.44075177243377,-276.44075177243377,890.6098511153598,890.6098511153598,890.6098511153598,0.0,0.0,0.0,8007.726376736941
2018-10-01,7804.840348764115,7309.560519414162,8833.181472929034,7804.840348764115,7804.840348764115,237.46209555818479,237.46209555818479,237.46209555818479,-224.00064470107765,-224.00064470107765,-224.00064470107765,-185.18721908603612,-185.18721908603612,-185.18721908603612,-30.634854653562716,-30.634854653562716,-30.634854653562716,24.76083854182555,24.76083854182555,24.76083854182555,32.904390189105754,32.904390189105754,32.904390189105754,12.051686881938132,12.051686881938132,12.051686881938132,-0.26863534426519825,-0.26863534426519825,-0.26863534426519825,-13.206074577271488,-13.206074577271488,-13.206074577271488,435.85538922149243,435.85538922149243,435.85538922149243,0.0,0.0,0.0,8042.3024443223
2018-11-01,8038.472729457649,7438.77556999189,8966.88007073863,8038.472729457649,8038.472729457649,163.55769106145988,163.55769106145988,163.55769106145988,-224.00064470107765,-224.00064470107765,-224.00064470107765,-185.18721908603612,-185.18721908603612,-185.18721908603612,-30.634854653562716,-30.634854653562716,-30.634854653562716,24.76083854182555,24.76083854182555,24.76083854182555,32.904390189105754,32.904390189105754,32.904390189105754,12.051686881938132,12.051686881938132,12.051686881938132,-0.26863534426519825,-0.26863534426519825,-0.26863534426519825,295.9563096116747,295.9563096116747,295.9563096116747,52.788600535821274,52.788600535821274,52.788600535821274,0.0,0.0,0.0,8202.030420519108
2018-12-01,8264.56415453249,5265.436122722835,6812.185267547747,8264.56415453249,8264.56415453249,-2215.3030923740307,-2215.3030923740307,-2215.3030923740307,-224.00064470107765,-224.00064470107765,-224.00064470107765,-185.18721908603612,-185.18721908603612,-185.18721908603612,-30.634854653562716,-30.634854653562716,-30.634854653562716,24.76083854182555,24.76083854182555,24.76083854182555,32.904390189105754,32.904390189105754,32.904390189105754,12.051686881938132,12.051686881938132,12.051686881938132,-0.26863534426519825,-0.26863534426519825,-0.26863534426519825,-276.44075177237426,-276.44075177237426,-276.44075177237426,-1753.6751215156203,-1753.6751215156203,-1753.6751215156203,0.0,0.0,0.0,6049.26106215846
2019-01-01,8498.19196044316,7323.549490938573,8870.720417846753,8498.19196044316,8498.19196044316,-441.00740663459226,-441.00740663459226,-441.00740663459226,-224.00064470107765,-224.00064470107765,-224.00064470107765,-185.18721908603612,-185.18721908603612,-185.18721908603612,-30.634854653562716,-30.634854653562716,-30.634854653562716,24.76083854182555,24.76083854182555,24.76083854182555,32.904390189105754,32.904390189105754,32.904390189105754,12.051686881938132,12.051686881938132,12.051686881938132,-0.26863534426519825,-0.26863534426519825,-0.26863534426519825,-218.94738856420852,-218.94738856420852,-218.94738856420852,-36.87279898434761,-36.87279898434761,-36.87279898434761,0.0,0.0,0.0,8057.184553808568
2019-02-01,8731.819766353832,6897.089230261596,8442.926946652065,8731.819766353832,8731.819766353832,-1033.2662093957374,-1033.2662093957374,-1033.2662093957374,-224.00064470107765,-224.00064470107765,-224.00064470107765,-185.18721908603612,-185.18721908603612,-185.18721908603612,-30.634854653562716,-30.634854653562716,-30.634854653562716,24.76083854182555,24.76083854182555,24.76083854182555,32.904390189105754,32.904390189105754,32.904390189105754,12.051686881938132,12.051686881938132,12.051686881938132,-0.26863534426519825,-0.26863534426519825,-0.26863534426519825,167.99803316071237,167.99803316071237,167.99803316071237,-1016.0770234704136,-1016.0770234704136,-1016.0770234704136,0.0,0.0,0.0,7698.553556958095
2019-03-01,8942.795088353974,8748.261634400113,10234.931636723588,8942.795088353974,8942.795088353974,577.7209475152085,577.7209475152085,577.7209475152085,-224.00064470107765,-224.00064470107765,-224.00064470107765,-185.18721908603612,-185.18721908603612,-185.18721908603612,-30.634854653562716,-30.634854653562716,-30.634854653562716,24.76083854182555,24.76083854182555,24.76083854182555,32.904390189105754,32.904390189105754,32.904390189105754,12.051686881938132,12.051686881938132,12.051686881938132,-0.26863534426519825,-0.26863534426519825,-0.26863534426519825,167.99803316036858,167.99803316036858,167.99803316036858,594.9101334408762,594.9101334408762,594.9101334408762,0.0,0.0,0.0,9520.516035869183
2019-04-01,9176.374909139846,7985.246891836853,9587.214998836636,9176.374909139846,9176.374909139846,-386.7324215201512,-386.7324215201512,-386.7324215201512,-224.00064470107765,-224.00064470107765,-224.00064470107765,-185.18721908603612,-185.18721908603612,-185.18721908603612,-30.634854653562716,-30.634854653562716,-30.634854653562716,24.76083854182555,24.76083854182555,24.76083854182555,32.904390189105754,32.904390189105754,32.904390189105754,12.051686881938132,12.051686881938132,12.051686881938132,-0.26863534426519825,-0.26863534426519825,-0.26863534426519825,-13.206074577405008,-13.206074577405008,-13.206074577405008,-188.3391278567101,-188.3391278567101,-188.3391278567101,0.0,0.0,0.0,8789.642487619694
2019-05-01,9402.419896997142,9374.388189084742,10993.680845442837,9402.419896997142,9402.419896997142,811.2905367140803,811.2905367140803,811.2905367140803,-224.00064470107765,-224.00064470107765,-224.00064470107765,-185.18721908603612,-185.18721908603612,-185.18721908603612,-30.634854653562716,-30.634854653562716,-30.634854653562716,24.76083854182555,24.76083854182555,24.76083854182555,32.904390189105754,32.904390189105754,32.904390189105754,12.051686881938132,12.051686881938132,12.051686881938132,-0.26863534426519825,-0.26863534426519825,-0.26863534426519825,386.4243196198504,386.4243196198504,386.4243196198504,610.053436180266,610.053436180266,610.053436180266,0.0,0.0,0.0,10213.710433711223
2019-06-01,9635.999717783012,8780.071543873088,10305.400832177296,9635.999717783012,9635.999717783012,-82.1103090061888,-82.1103090061888,-82.1103090061888,-224.00064470107765,-224.00064470107765,-224.00064470107765,-185.18721908603612,-185.18721908603612,-185.18721908603612,-30.634854653562716,-30.634854653562716,-30.634854653562716,24.76083854182555,24.76083854182555,24.76083854182555,32.904390189105754,32.904390189105754,32.904390189105754,12.051686881938132,12.051686881938132,12.051686881938132,-0.26863534426519825,-0.26863534426519825,-0.26863534426519825,-276.44075177225557,-276.44075177225557,-276.44075177225557,379.5176618521029,379.5176618521029,379.5176618521029,0.0,0.0,0.0,9553.889408776824
2019-07-01,9862.044711514633,8519.637625354377,10082.438835745324,9862.044711514633,9862.044711514633,-560.1418884494586,-560.1418884494586,-560.1418884494586,-224.00064470107765,-224.00064470107765,-224.00064470107765,-185.18721908603612,-185.18721908603612,-185.18721908603612,-30.634854653562716,-30.634854653562716,-30.634854653562716,24.76083854182555,24.76083854182555,24.76083854182555,32.904390189105754,32.904390189105754,32.904390189105754,12.051686881938132,12.051686881938132,12.051686881938132,-0.26863534426519825,-0.26863534426519825,-0.26863534426519825,-13.206074577906715,-13.206074577906715,-13.206074577906715,-361.7485947855155,-361.7485947855155,-361.7485947855155,0.0,0.0,0.0,9301.902823065175
2019-08-01,10095.624538370641,10272.859195378533,11859.69698467669,10095.624538370641,10095.624538370641,954.068279595248,954.068279595248,954.068279595248,-224.00064470107765,-224.00064470107765,-224.00064470107765,-185.18721908603612,-185.18721908603612,-185.18721908603612,-30.634854653562716,-30.634854653562716,-30.634854653562716,24.76083854182555,24.76083854182555,24.76083854182555,32.904390189105754,32.904390189105754,32.904390189105754,12.051686881938132,12.051686881938132,12.051686881938132,-0.26863534426519825,-0.26863534426519825,-0.26863534426519825,295.9563096115613,295.9563096115613,295.9563096115613,843.2991890697228,843.2991890697228,843.2991890697228,0.0,0.0,0.0,11049.69281796589
2019-09-01,10329.204365226651,10037.946580525266,11549.71185040996,10329.204365226651,10329.204365226651,432.9386747245603,432.9386747245603,432.9386747245603,-224.00064470107765,-224.00064470107765,-224.00064470107765,-185.18721908603612,-185.18721908603612,-185.18721908603612,-30.634854653562716,-30.634854653562716,-30.634854653562716,24.76083854182555,24.76083854182555,24.76083854182555,32.904390189105754,32.904390189105754,32.904390189105754,12.051686881938132,12.051686881938132,12.051686881938132,-0.26863534426519825,-0.26863534426519825,-0.26863534426519825,-341.7844474762038,-341.7844474762038,-341.7844474762038,959.9103412868002,959.9103412868002,959.9103412868002,0.0,0.0,0.0,10762.143039951212
2019-10-01,10555.249365161406,9770.024326665474,11305.662156603285,10555.249365161406,10555.249365161406,26.159422047269718,26.159422047269718,26.159422047269718,-224.00064470107765,-224.00064470107765,-224.00064470107765,-185.18721908603612,-185.18721908603612,-185.18721908603612,-30.634854653562716,-30.634854653562716,-30.634854653562716,24.76083854182555,24.76083854182555,24.76083854182555,32.904390189105754,32.904390189105754,32.904390189105754,12.051686881938132,12.051686881938132,12.051686881938132,-0.26863534426519825,-0.26863534426519825,-0.26863534426519825,-218.94738856469206,-218.94738856469206,-218.94738856469206,430.29402969799787,430.29402969799787,430.29402969799787,0.0,0.0,0.0,10581.408787208675
2019-11-01,10788.829198427316,10095.778542148992,11707.81538896872,10788.829198427316,10788.829198427316,100.78289494629722,100.78289494629722,100.78289494629722,-224.00064470107765,-224.00064470107765,-224.00064470107765,-185.18721908603612,-185.18721908603612,-185.18721908603612,-30.634854653562716,-30.634854653562716,-30.634854653562716,24.76083854182555,24.76083854182555,24.76083854182555,32.904390189105754,32.904390189105754,32.904390189105754,12.051686881938132,12.051686881938132,12.051686881938132,-0.26863534426519825,-0.26863534426519825,-0.26863534426519825,167.998033159602,167.998033159602,167.998033159602,117.97208087273131,117.97208087273131,117.97208087273131,0.0,0.0,0.0,10889.612093373613
2019-12-01,11014.87419836207,7995.136720482627,9491.37186303693,11014.87419836207,11014.87419836207,-2272.312267332522,-2272.312267332522,-2272.312267332522,-224.00064470107765,-224.00064470107765,-224.00064470107765,-185.18721908603612,-185.18721908603612,-185.18721908603612,-30.634854653562716,-30.634854653562716,-30.634854653562716,24.76083854182555,24.76083854182555,24.76083854182555,32.904390189105754,32.904390189105754,32.904390189105754,12.051686881938132,12.051686881938132,12.051686881938132,-0.26863534426519825,-0.26863534426519825,-0.26863534426519825,-341.7844474762446,-341.7844474762446,-341.7844474762446,-1745.3406007702415,-1745.3406007702415,-1745.3406007702415,0.0,0.0,0.0,8742.561931029548
2020-01-01,11248.454032215093,10435.596938394921,12043.278605602845,11248.454032215093,11248.454032215093,-20.79318457696085,-20.79318457696085,-20.79318457696085,-224.00064470107765,-224.00064470107765,-224.00064470107765,-185.18721908603612,-185.18721908603612,-185.18721908603612,-30.634854653562716,-30.634854653562716,-30.634854653562716,24.76083854182555,24.76083854182555,24.76083854182555,32.904390189105754,32.904390189105754,32.904390189105754,12.051686881938132,12.051686881938132,12.051686881938132,-0.26863534426519825,-0.26863534426519825,-0.26863534426519825,386.42431961935426,386.42431961935426,386.42431961935426,-222.03028511027895,-222.03028511027895,-222.03028511027895,0.0,0.0,0.0,11227.660847638132
2020-02-01,11482.033866068117,9149.953407696721,10737.509714630029,11482.033866068117,11482.033866068117,-1510.593160852597,-1510.593160852597,-1510.593160852597,-224.00064470107765,-224.00064470107765,-224.00064470107765,-185.18721908603612,-185.18721908603612,-185.18721908603612,-30.634854653562716,-30.634854653562716,-30.634854653562716,24.76083854182555,24.76083854182555,24.76083854182555,32.904390189105754,32.904390189105754,32.904390189105754,12.051686881938132,12.051686881938132,12.051686881938132,-0.26863534426519825,-0.26863534426519825,-0.26863534426519825,-276.44075177375214,-276.44075177375214,-276.44075177375214,-1048.9651899928085,-1048.9651899928085,-1048.9651899928085,0.0,0.0,0.0,9971.44070521552
2020-03-01,11700.544033220947,10563.472634197093,12132.87600250838,11700.544033220947,11700.544033220947,-364.47132776824645,-364.47132776824645,-364.47132776824645,-224.00064470107765,-224.00064470107765,-224.00064470107765,-185.18721908603612,-185.18721908603612,-185.18721908603612,-30.634854653562716,-30.634854653562716,-30.634854653562716,24.76083854182555,24.76083854182555,24.76083854182555,32.904390189105754,32.904390189105754,32.904390189105754,12.051686881938132,12.051686881938132,12.051686881938132,-0.26863534426519825,-0.26863534426519825,-0.26863534426519825,-341.78444747628544,-341.78444747628544,-341.78444747628544,162.50033879407505,162.50033879407505,162.50033879407505,0.0,0.0,0.0,11336.072705452701
2020-04-01,11934.123867073973,10841.479523535878,12385.918706821956,11934.123867073973,11934.123867073973,-329.42607647703056,-329.42607647703056,-329.42607647703056,-224.00064470107765,-224.00064470107765,-224.00064470107765,-185.18721908603612,-185.18721908603612,-185.18721908603612,-30.634854653562716,-30.634854653562716,-30.634854653562716,24.76083854182555,24.76083854182555,24.76083854182555,32.904390189105754,32.904390189105754,32.904390189105754,12.051686881938132,12.051686881938132,12.051686881938132,-0.26863534426519825,-0.26863534426519825,-0.26863534426519825,386.4243196184677,386.4243196184677,386.4243196184677,-530.6631770094622,-530.6631770094622,-530.6631770094622,0.0,0.0,0.0,11604.697790596943
2020-05-01,12160.16886219585,12440.465633180134,13979.969869550907,12160.16886219585,12160.16886219585,1077.7999701181657,1077.7999701181657,1077.7999701181657,-224.00064470107765,-224.00064470107765,-224.00064470107765,-185.18721908603612,-185.18721908603612,-185.18721908603612,-30.634854653562716,-30.634854653562716,-30.634854653562716,24.76083854182555,24.76083854182555,24.76083854182555,32.904390189105754,32.904390189105754,32.904390189105754,12.051686881938132,12.051686881938132,12.051686881938132,-0.26863534426519825,-0.26863534426519825,-0.26863534426519825,167.99803316023386,167.99803316023386,167.99803316023386,1094.9891560439683,1094.9891560439683,1094.9891560439683,0.0,0.0,0.0,13237.968832314014
2020-06-01,12393.748690488454,11804.014813838427,13361.726143064467,12393.748690488454,12393.748690488454,189.4583151737899,189.4583151737899,189.4583151737899,-224.00064470107765,-224.00064470107765,-224.00064470107765,-185.18721908603612,-185.18721908603612,-185.18721908603612,-30.634854653562716,-30.634854653562716,-30.634854653562716,24.76083854182555,24.76083854182555,24.76083854182555,32.904390189105754,32.904390189105754,32.904390189105754,12.051686881938132,12.051686881938132,12.051686881938132,-0.26863534426519825,-0.26863534426519825,-0.26863534426519825,-13.206074576757691,-13.206074576757691,-13.206074576757691,387.8516088365838,387.8516088365838,387.8516088365838,0.0,0.0,0.0,12583.207005662243
2020-07-01,12619.793685610326,11790.968371604142,13396.881113759215,12619.793685610326,12619.793685610326,1.873363493373233,1.873363493373233,1.873363493373233,-224.00064470107765,-224.00064470107765,-224.00064470107765,-185.18721908603612,-185.18721908603612,-185.18721908603612,-30.634854653562716,-30.634854653562716,-30.634854653562716,24.76083854182555,24.76083854182555,24.76083854182555,32.904390189105754,32.904390189105754,32.904390189105754,12.051686881938132,12.051686881938132,12.051686881938132,-0.26863534426519825,-0.26863534426519825,-0.26863534426519825,386.42431961898654,386.42431961898654,386.42431961898654,-199.36373703957722,-199.36373703957722,-199.36373703957722,0.0,0.0,0.0,12621.667049103698
2020-08-01,12853.350139812894,12403.132559333975,13938.168515033918,12853.350139812894,12853.350139812894,333.39532495491557,333.39532495491557,333.39532495491557,-224.00064470107765,-224.00064470107765,-224.00064470107765,-185.18721908603612,-185.18721908603612,-185.18721908603612,-30.634854653562716,-30.634854653562716,-30.634854653562716,24.76083854182555,24.76083854182555,24.76083854182555,32.904390189105754,32.904390189105754,32.904390189105754,12.051686881938132,12.051686881938132,12.051686881938132,-0.26863534426519825,-0.26863534426519825,-0.26863534426519825,-276.44075177244906,-276.44075177244906,-276.44075177244906,795.0232958134006,795.0232958134006,795.0232958134006,0.0,0.0,0.0,13186.74546476781
2020-09-01,13086.906594015461,12651.888645545228,14204.991122655669,13086.906594015461,13086.906594015461,348.6525430123937,348.6525430123937,348.6525430123937,-224.00064470107765,-224.00064470107765,-224.00064470107765,-185.18721908603612,-185.18721908603612,-185.18721908603612,-30.634854653562716,-30.634854653562716,-30.634854653562716,24.76083854182555,24.76083854182555,24.76083854182555,32.904390189105754,32.904390189105754,32.904390189105754,12.051686881938132,12.051686881938132,12.051686881938132,-0.26863534426519825,-0.26863534426519825,-0.26863534426519825,-218.94738856475294,-218.94738856475294,-218.94738856475294,752.787150663183,752.787150663183,752.787150663183,0.0,0.0,0.0,13435.559137027854
2020-10-01,13312.928969050205,13080.425653881764,14644.509861696748,13312.928969050205,13312.928969050205,556.3839498018147,556.3839498018147,556.3839498018147,-224.00064470107765,-224.00064470107765,-224.00064470107765,-185.18721908603612,-185.18721908603612,-185.18721908603612,-30.634854653562716,-30.634854653562716,-30.634854653562716,24.76083854182555,24.76083854182555,24.76083854182555,32.904390189105754,32.904390189105754,32.904390189105754,12.051686881938132,12.051686881938132,12.051686881938132,-0.26863534426519825,-0.26863534426519825,-0.26863534426519825,295.95630961145525,295.95630961145525,295.95630961145525,445.61485927639575,445.61485927639575,445.61485927639575,0.0,0.0,0.0,13869.31291885202
2020-11-01,13487.730346181568,12106.353605748616,13647.14219880621,13487.730346181568,13487.730346181568,-608.285636012663,-608.285636012663,-608.285636012663,-224.00064470107765,-224.00064470107765,-224.00064470107765,-185.18721908603612,-185.18721908603612,-185.18721908603612,-30.634854653562716,-30.634854653562716,-30.634854653562716,24.76083854182555,24.76083854182555,24.76083854182555,32.904390189105754,32.904390189105754,32.904390189105754,12.051686881938132,12.051686881938132,12.051686881938132,-0.26863534426519825,-0.26863534426519825,-0.26863534426519825,-341.7844474749891,-341.7844474749891,-341.7844474749891,-81.31396945163758,-81.31396945163758,-81.31396945163758,0.0,0.0,0.0,12879.444710168906
2020-12-01,13656.89296921192,10688.847947960656,12243.316264674932,13656.89296921192,13656.89296921192,-2183.0703799925354,-2183.0703799925354,-2183.0703799925354,-224.00064470107765,-224.00064470107765,-224.00064470107765,-185.18721908603612,-185.18721908603612,-185.18721908603612,-30.634854653562716,-30.634854653562716,-30.634854653562716,24.76083854182555,24.76083854182555,24.76083854182555,32.904390189105754,32.904390189105754,32.904390189105754,12.051686881938132,12.051686881938132,12.051686881938132,-0.26863534426519825,-0.26863534426519825,-0.26863534426519825,-218.94738856449726,-218.94738856449726,-218.94738856449726,-1778.9357723420023,-1778.9357723420023,-1778.9357723420023,0.0,0.0,0.0,11473.822589219384
2021-01-01,13831.694346343285,13398.428430075734,14891.585923681096,13831.694346343285,13831.694346343285,314.5943606040832,314.5943606040832,314.5943606040832,-224.00064470107765,-224.00064470107765,-224.00064470107765,-185.18721908603612,-185.18721908603612,-185.18721908603612,-30.634854653562716,-30.634854653562716,-30.634854653562716,24.76083854182555,24.76083854182555,24.76083854182555,32.904390189105754,32.904390189105754,32.904390189105754,12.051686881938132,12.051686881938132,12.051686881938132,-0.26863534426519825,-0.26863534426519825,-0.26863534426519825,167.9980331606618,167.9980331606618,167.9980331606618,331.78354652945745,331.78354652945745,331.78354652945745,0.0,0.0,0.0,14146.288706947369
2021-02-01,14006.495723474647,12101.840285116117,13631.891633266465,14006.495723474647,14006.495723474647,-1133.3433558255585,-1133.3433558255585,-1133.3433558255585,-224.00064470107765,-224.00064470107765,-224.00064470107765,-185.18721908603612,-185.18721908603612,-185.18721908603612,-30.634854653562716,-30.634854653562716,-30.634854653562716,24.76083854182555,24.76083854182555,24.76083854182555,32.904390189105754,32.904390189105754,32.904390189105754,12.051686881938132,12.051686881938132,12.051686881938132,-0.26863534426519825,-0.26863534426519825,-0.26863534426519825,-13.206074577391277,-13.206074577391277,-13.206074577391277,-934.9500621621311,-934.9500621621311,-934.9500621621311,0.0,0.0,0.0,12873.152367649089
2021-03-01,14108.603754579866,13402.240640490494,15003.966595060432,14108.603754579866,14108.603754579866,107.08992023428125,107.08992023428125,107.08992023428125,-224.00064470107765,-224.00064470107765,-224.00064470107765,-185.18721908603612,-185.18721908603612,-185.18721908603612,-30.634854653562716,-30.634854653562716,-30.634854653562716,24.76083854182555,24.76083854182555,24.76083854182555,32.904390189105754,32.904390189105754,32.904390189105754,12.051686881938132,12.051686881938132,12.051686881938132,-0.26863534426519825,-0.26863534426519825,-0.26863534426519825,-13.20607457752907,-13.20607457752907,-13.20607457752907,305.48321389784644,305.48321389784644,305.48321389784644,0.0,0.0,0.0,14215.693674814147
2021-04-01,14221.65193187493,13182.175445244098,14719.620084621358,14221.65193187493,14221.65193187493,-301.9227714347917,-301.9227714347917,-301.9227714347917,-224.00064470107765,-224.00064470107765,-224.00064470107765,-185.18721908603612,-185.18721908603612,-185.18721908603612,-30.634854653562716,-30.634854653562716,-30.634854653562716,24.76083854182555,24.76083854182555,24.76083854182555,32.904390189105754,32.904390189105754,32.904390189105754,12.051686881938132,12.051686881938132,12.051686881938132,-0.26863534426519825,-0.26863534426519825,-0.26863534426519825,295.9563096104496,295.9563096104496,295.9563096104496,-412.69186195920526,-412.69186195920526,-412.69186195920526,0.0,0.0,0.0,13919.72916044014
2021-05-01,14331.053393773382,13982.861612905559,15643.743819693384,14331.053393773382,14331.053393773382,474.6109189940446,474.6109189940446,474.6109189940446,-224.00064470107765,-224.00064470107765,-224.00064470107765,-185.18721908603612,-185.18721908603612,-185.18721908603612,-30.634854653562716,-30.634854653562716,-30.634854653562716,24.76083854182555,24.76083854182555,24.76083854182555,32.904390189105754,32.904390189105754,32.904390189105754,12.051686881938132,12.051686881938132,12.051686881938132,-0.26863534426519825,-0.26863534426519825,-0.26863534426519825,-276.4407517738406,-276.4407517738406,-276.4407517738406,936.2388898539214,936.2388898539214,936.2388898539214,0.0,0.0,0.0,14805.664312767427
2021-06-01,14373.544879457957,13593.779380218899,15105.794951794918,14373.544879457957,14373.544879457957,-19.8422197276346,-19.8422197276346,-19.8422197276346,-224.00064470107765,-224.00064470107765,-224.00064470107765,-185.18721908603612,-185.18721908603612,-185.18721908603612,-30.634854653562716,-30.634854653562716,-30.634854653562716,24.76083854182555,24.76083854182555,24.76083854182555,32.904390189105754,32.904390189105754,32.904390189105754,12.051686881938132,12.051686881938132,12.051686881938132,-0.26863534426519825,-0.26863534426519825,-0.26863534426519825,-218.94738856466984,-218.94738856466984,-218.94738856466984,384.29238792307143,384.29238792307143,384.29238792307143,0.0,0.0,0.0,14353.702659730323
2021-07-01,14414.665672055935,13491.94713065719,15018.75506285583,14414.665672055935,14414.665672055935,-144.41664289431066,-144.41664289431066,-144.41664289431066,-224.00064470107765,-224.00064470107765,-224.00064470107765,-185.18721908603612,-185.18721908603612,-185.18721908603612,-30.634854653562716,-30.634854653562716,-30.634854653562716,24.76083854182555,24.76083854182555,24.76083854182555,32.904390189105754,32.904390189105754,32.904390189105754,12.051686881938132,12.051686881938132,12.051686881938132,-0.26863534426519825,-0.26863534426519825,-0.26863534426519825,295.95630961057225,295.95630961057225,295.95630961057225,-255.18573341884675,-255.18573341884675,-255.18573341884675,0.0,0.0,0.0,14270.249029161625
2021-08-01,14457.15715774051,13953.017032289965,15542.775857700795,14457.15715774051,14457.15715774051,282.05785781555,282.05785781555,282.05785781555,-224.00064470107765,-224.00064470107765,-224.00064470107765,-185.18721908603612,-185.18721908603612,-185.18721908603612,-30.634854653562716,-30.634854653562716,-30.634854653562716,24.76083854182555,24.76083854182555,24.76083854182555,32.904390189105754,32.904390189105754,32.904390189105754,12.051686881938132,12.051686881938132,12.051686881938132,-0.26863534426519825,-0.26863534426519825,-0.26863534426519825,-341.78444747586207,-341.78444747586207,-341.78444747586207,809.0295243774482,809.0295243774482,809.0295243774482,0.0,0.0,0.0,14739.21501555606
2021-09-01,14487.33352958249,14733.58474394062,16251.587118082416,14487.33352958249,14487.33352958249,1022.7764457653795,1022.7764457653795,1022.7764457653795,-224.00064470107765,-224.00064470107765,-224.00064470107765,-185.18721908603612,-185.18721908603612,-185.18721908603612,-30.634854653562716,-30.634854653562716,-30.634854653562716,24.76083854182555,24.76083854182555,24.76083854182555,32.904390189105754,32.904390189105754,32.904390189105754,12.051686881938132,12.051686881938132,12.051686881938132,-0.26863534426519825,-0.26863534426519825,-0.26863534426519825,386.4243196191278,386.4243196191278,386.4243196191278,821.539345232288,821.539345232288,821.539345232288,0.0,0.0,0.0,15510.10997534787
2021-10-01,14516.536470074732,14141.98445003722,15729.18382680092,14516.536470074732,14516.536470074732,423.76247707902166,423.76247707902166,423.76247707902166,-224.00064470107765,-224.00064470107765,-224.00064470107765,-185.18721908603612,-185.18721908603612,-185.18721908603612,-30.634854653562716,-30.634854653562716,-30.634854653562716,24.76083854182555,24.76083854182555,24.76083854182555,32.904390189105754,32.904390189105754,32.904390189105754,12.051686881938132,12.051686881938132,12.051686881938132,-0.26863534426519825,-0.26863534426519825,-0.26863534426519825,167.99803315955134,167.99803315955134,167.99803315955134,440.9516630055063,440.9516630055063,440.9516630055063,0.0,0.0,0.0,14940.298947153755
2021-11-01,14546.712841916713,13527.856498874135,15134.247575922367,14546.712841916713,14546.712841916713,-212.05561918224404,-212.05561918224404,-212.05561918224404,-224.00064470107765,-224.00064470107765,-224.00064470107765,-185.18721908603612,-185.18721908603612,-185.18721908603612,-30.634854653562716,-30.634854653562716,-30.634854653562716,24.76083854182555,24.76083854182555,24.76083854182555,32.904390189105754,32.904390189105754,32.904390189105754,12.051686881938132,12.051686881938132,12.051686881938132,-0.26863534426519825,-0.26863534426519825,-0.26863534426519825,-13.206074576748264,-13.206074576748264,-13.206074576748264,-13.662325519459639,-13.662325519459639,-13.662325519459639,0.0,0.0,0.0,14334.65722273447
2021-12-01,14575.915782408954,12195.765959543456,13749.560533713695,14575.915782408954,14575.915782408954,-1563.6257053157676,-1563.6257053157676,-1563.6257053157676,-224.00064470107765,-224.00064470107765,-224.00064470107765,-185.18721908603612,-185.18721908603612,-185.18721908603612,-30.634854653562716,-30.634854653562716,-30.634854653562716,24.76083854182555,24.76083854182555,24.76083854182555,32.904390189105754,32.904390189105754,32.904390189105754,12.051686881938132,12.051686881938132,12.051686881938132,-0.26863534426519825,-0.26863534426519825,-0.26863534426519825,386.4243196182412,386.4243196182412,386.4243196182412,-1764.8628058479728,-1764.8628058479728,-1764.8628058479728,0.0,0.0,0.0,13012.290077093186
2022-01-01,14606.092154053356,13529.430915512741,15108.457258485929,14606.092154053356,14606.092154053356,-313.82206723080435,-313.82206723080435,-313.82206723080435,-224.00064470107765,-224.00064470107765,-224.00064470107765,-185.18721908603612,-185.18721908603612,-185.18721908603612,-30.634854653562716,-30.634854653562716,-30.634854653562716,24.76083854182555,24.76083854182555,24.76083854182555,32.904390189105754,32.904390189105754,32.904390189105754,12.051686881938132,12.051686881938132,12.051686881938132,-0.26863534426519825,-0.26863534426519825,-0.26863534426519825,-276.44075177178445,-276.44075177178445,-276.44075177178445,147.80590362701616,147.80590362701616,147.80590362701616,0.0,0.0,0.0,14292.270086822551
2022-02-01,14636.26852569776,12495.123624233507,13982.547762527769,14636.26852569776,14636.26852569776,-1382.1840477959324,-1382.1840477959324,-1382.1840477959324,-224.00064470107765,-224.00064470107765,-224.00064470107765,-185.18721908603612,-185.18721908603612,-185.18721908603612,-30.634854653562716,-30.634854653562716,-30.634854653562716,24.76083854182555,24.76083854182555,24.76083854182555,32.904390189105754,32.904390189105754,32.904390189105754,12.051686881938132,12.051686881938132,12.051686881938132,-0.26863534426519825,-0.26863534426519825,-0.26863534426519825,-218.94738856419505,-218.94738856419505,-218.94738856419505,-978.0494401457012,-978.0494401457012,-978.0494401457012,0.0,0.0,0.0,13254.084477901828
2022-03-01,14663.524603312062,13952.616760620534,15494.908261234777,14663.524603312062,14663.524603312062,45.556244093000984,45.556244093000984,45.556244093000984,-224.00064470107765,-224.00064470107765,-224.00064470107765,-185.18721908603612,-185.18721908603612,-185.18721908603612,-30.634854653562716,-30.634854653562716,-30.634854653562716,24.76083854182555,24.76083854182555,24.76083854182555,32.904390189105754,32.904390189105754,32.904390189105754,12.051686881938132,12.051686881938132,12.051686881938132,-0.26863534426519825,-0.26863534426519825,-0.26863534426519825,-218.9473885643621,-218.9473885643621,-218.9473885643621,449.6908517433992,449.6908517433992,449.6908517433992,0.0,0.0,0.0,14709.080847405063
2022-04-01,14697.118184571886,13613.07822137621,15242.080859358639,14697.118184571886,14697.118184571886,-315.7243471842172,-315.7243471842172,-315.7243471842172,-224.00064470107765,-224.00064470107765,-224.00064470107765,-185.18721908603612,-185.18721908603612,-185.18721908603612,-30.634854653562716,-30.634854653562716,-30.634854653562716,24.76083854182555,24.76083854182555,24.76083854182555,32.904390189105754,32.904390189105754,32.904390189105754,12.051686881938132,12.051686881938132,12.051686881938132,-0.26863534426519825,-0.26863534426519825,-0.26863534426519825,167.99803316018324,167.99803316018324,167.99803316018324,-298.5351612583643,-298.5351612583643,-298.5351612583643,0.0,0.0,0.0,14381.393837387668
2022-05-01,14729.628101920103,14185.316924270423,15785.263540852011,14729.628101920103,14729.628101920103,247.5685839599253,247.5685839599253,247.5685839599253,-224.00064470107765,-224.00064470107765,-224.00064470107765,-185.18721908603612,-185.18721908603612,-185.18721908603612,-30.634854653562716,-30.634854653562716,-30.634854653562716,24.76083854182555,24.76083854182555,24.76083854182555,32.904390189105754,32.904390189105754,32.904390189105754,12.051686881938132,12.051686881938132,12.051686881938132,-0.26863534426519825,-0.26863534426519825,-0.26863534426519825,-341.7844474756853,-341.7844474756853,-341.7844474756853,774.5402505216467,774.5402505216467,774.5402505216467,0.0,0.0,0.0,14977.196685880028
2022-06-01,14763.221683179929,14630.86663109942,16110.174998147924,14763.221683179929,14763.221683179929,582.7258989303785,582.7258989303785,582.7258989303785,-224.00064470107765,-224.00064470107765,-224.00064470107765,-185.18721908603612,-185.18721908603612,-185.18721908603612,-30.634854653562716,-30.634854653562716,-30.634854653562716,24.76083854182555,24.76083854182555,24.76083854182555,32.904390189105754,32.904390189105754,32.904390189105754,12.051686881938132,12.051686881938132,12.051686881938132,-0.26863534426519825,-0.26863534426519825,-0.26863534426519825,386.4243196195814,386.4243196195814,386.4243196195814,381.4887983968335,381.4887983968335,381.4887983968335,0.0,0.0,0.0,15345.947582110308
2022-07-01,14795.731600528148,13703.438052170775,15236.094980102123,14795.731600528148,14795.731600528148,-326.5241757235492,-326.5241757235492,-326.5241757235492,-224.00064470107765,-224.00064470107765,-224.00064470107765,-185.18721908603612,-185.18721908603612,-185.18721908603612,-30.634854653562716,-30.634854653562716,-30.634854653562716,24.76083854182555,24.76083854182555,24.76083854182555,32.904390189105754,32.904390189105754,32.904390189105754,12.051686881938132,12.051686881938132,12.051686881938132,-0.26863534426519825,-0.26863534426519825,-0.26863534426519825,167.99803315952522,167.99803315952522,167.99803315952522,-309.33498979703825,-309.33498979703825,-309.33498979703825,0.0,0.0,0.0,14469.2074248046
2022-08-01,14829.325181787972,14698.528622985434,16233.71707033508,14829.325181787972,14829.325181787972,626.738499808002,626.738499808002,626.738499808002,-224.00064470107765,-224.00064470107765,-224.00064470107765,-185.18721908603612,-185.18721908603612,-185.18721908603612,-30.634854653562716,-30.634854653562716,-30.634854653562716,24.76083854182555,24.76083854182555,24.76083854182555,32.904390189105754,32.904390189105754,32.904390189105754,12.051686881938132,12.051686881938132,12.051686881938132,-0.26863534426519825,-0.26863534426519825,-0.26863534426519825,-13.206074577519587,-13.206074577519587,-13.206074577519587,825.1317934715578,825.1317934715578,825.1317934715578,0.0,0.0,0.0,15456.063681595973
2022-09-01,14862.918763047795,15071.14431015359,16660.47201583034,14862.918763047795,14862.918763047795,1001.3789416408374,1001.3789416408374,1001.3789416408374,-224.00064470107765,-224.00064470107765,-224.00064470107765,-185.18721908603612,-185.18721908603612,-185.18721908603612,-30.634854653562716,-30.634854653562716,-30.634854653562716,24.76083854182555,24.76083854182555,24.76083854182555,32.904390189105754,32.904390189105754,32.904390189105754,12.051686881938132,12.051686881938132,12.051686881938132,-0.26863534426519825,-0.26863534426519825,-0.26863534426519825,295.9563096112358,295.9563096112358,295.9563096112358,890.6098511156382,890.6098511156382,890.6098511156382,0.0,0.0,0.0,15864.297704688634
2022-10-01,14895.428680396015,14033.534197469438,15637.096421111823,14895.428680396015,14895.428680396015,-25.772581636964183,-25.772581636964183,-25.772581636964183,-224.00064470107765,-224.00064470107765,-224.00064470107765,-185.18721908603612,-185.18721908603612,-185.18721908603612,-30.634854653562716,-30.634854653562716,-30.634854653562716,24.76083854182555,24.76083854182555,24.76083854182555,32.904390189105754,32.904390189105754,32.904390189105754,12.051686881938132,12.051686881938132,12.051686881938132,-0.26863534426519825,-0.26863534426519825,-0.26863534426519825,-276.440751773176,-276.440751773176,-276.440751773176,435.85538922224794,435.85538922224794,435.85538922224794,0.0,0.0,0.0,14869.656098759051
2022-11-01,14929.02226165584,13815.949667440447,15428.03065954717,14929.02226165584,14929.02226165584,-351.3460071149009,-351.3460071149009,-351.3460071149009,-224.00064470107765,-224.00064470107765,-224.00064470107765,-185.18721908603612,-185.18721908603612,-185.18721908603612,-30.634854653562716,-30.634854653562716,-30.634854653562716,24.76083854182555,24.76083854182555,24.76083854182555,32.904390189105754,32.904390189105754,32.904390189105754,12.051686881938132,12.051686881938132,12.051686881938132,-0.26863534426519825,-0.26863534426519825,-0.26863534426519825,-218.94738856502053,-218.94738856502053,-218.94738856502053,52.788600536155776,52.788600536155776,52.788600536155776,0.0,0.0,0.0,14577.67625454094
2022-12-01,14961.532179004058,12490.74299300043,14061.763260007272,14961.532179004058,14961.532179004058,-1642.9060309916606,-1642.9060309916606,-1642.9060309916606,-224.00064470107765,-224.00064470107765,-224.00064470107765,-185.18721908603612,-185.18721908603612,-185.18721908603612,-30.634854653562716,-30.634854653562716,-30.634854653562716,24.76083854182555,24.76083854182555,24.76083854182555,32.904390189105754,32.904390189105754,32.904390189105754,12.051686881938132,12.051686881938132,12.051686881938132,-0.26863534426519825,-0.26863534426519825,-0.26863534426519825,295.95630961034817,295.95630961034817,295.95630961034817,-1753.6751215159727,-1753.6751215159727,-1753.6751215159727,0.0,0.0,0.0,13318.626148012398
2023-01-01,14995.125760263882,13666.927141042554,15227.691556180449,14995.125760263882,14995.125760263882,-563.8444655479869,-563.8444655479869,-563.8444655479869,-224.00064470107765,-224.00064470107765,-224.00064470107765,-185.18721908603612,-185.18721908603612,-185.18721908603612,-30.634854653562716,-30.634854653562716,-30.634854653562716,24.76083854182555,24.76083854182555,24.76083854182555,32.904390189105754,32.904390189105754,32.904390189105754,12.051686881938132,12.051686881938132,12.051686881938132,-0.26863534426519825,-0.26863534426519825,-0.26863534426519825,-341.7844474770865,-341.7844474770865,-341.7844474770865,-36.872798984864275,-36.872798984864275,-36.872798984864275,0.0,0.0,0.0,14431.281294715895
2023-02-01,15028.719341523707,13472.652755953826,15025.726871749448,15028.719341523707,15028.719341523707,-814.8399229384784,-814.8399229384784,-814.8399229384784,-224.00064470107765,-224.00064470107765,-224.00064470107765,-185.18721908603612,-185.18721908603612,-185.18721908603612,-30.634854653562716,-30.634854653562716,-30.634854653562716,24.76083854182555,24.76083854182555,24.76083854182555,32.904390189105754,32.904390189105754,32.904390189105754,12.051686881938132,12.051686881938132,12.051686881938132,-0.26863534426519825,-0.26863534426519825,-0.26863534426519825,386.4243196183825,386.4243196183825,386.4243196183825,-1016.0770234708244,-1016.0770234708244,-1016.0770234708244,0.0,0.0,0.0,14213.87941858523
2023-03-01,15059.06193104871,15073.703837041812,16644.943043478987,15059.06193104871,15059.06193104871,796.1472339752904,796.1472339752904,796.1472339752904,-224.00064470107765,-224.00064470107765,-224.00064470107765,-185.18721908603612,-185.18721908603612,-185.18721908603612,-30.634854653562716,-30.634854653562716,-30.634854653562716,24.76083854182555,24.76083854182555,24.76083854182555,32.904390189105754,32.904390189105754,32.904390189105754,12.051686881938132,12.051686881938132,12.051686881938132,-0.26863534426519825,-0.26863534426519825,-0.26863534426519825,386.4243196197326,386.4243196197326,386.4243196197326,594.9101334415941,594.9101334415941,594.9101334415941,0.0,0.0,0.0,15855.209165024002
2023-04-01,15092.655512308536,13647.74571923634,15255.084760779639,15092.655512308536,15092.655512308536,-649.9670987162417,-649.9670987162417,-649.9670987162417,-224.00064470107765,-224.00064470107765,-224.00064470107765,-185.18721908603612,-185.18721908603612,-185.18721908603612,-30.634854653562716,-30.634854653562716,-30.634854653562716,24.76083854182555,24.76083854182555,24.76083854182555,32.904390189105754,32.904390189105754,32.904390189105754,12.051686881938132,12.051686881938132,12.051686881938132,-0.26863534426519825,-0.26863534426519825,-0.26863534426519825,-276.44075177305706,-276.44075177305706,-276.44075177305706,-188.3391278571484,-188.3391278571484,-188.3391278571484,0.0,0.0,0.0,14442.688413592296
2023-05-01,15125.165429656754,14745.02071668419,16363.52830759637,15125.165429656754,15125.165429656754,411.66014251656065,411.66014251656065,411.66014251656065,-224.00064470107765,-224.00064470107765,-224.00064470107765,-185.18721908603612,-185.18721908603612,-185.18721908603612,-30.634854653562716,-30.634854653562716,-30.634854653562716,24.76083854182555,24.76083854182555,24.76083854182555,32.904390189105754,32.904390189105754,32.904390189105754,12.051686881938132,12.051686881938132,12.051686881938132,-0.26863534426519825,-0.26863534426519825,-0.26863534426519825,-13.20607457758374,-13.20607457758374,-13.20607457758374,610.0534361801805,610.0534361801805,610.0534361801805,0.0,0.0,0.0,15536.825572173315
2023-06-01,15158.75901091658,14882.446657966027,16470.057555871903,15158.75901091658,15158.75901091658,490.28675237497276,490.28675237497276,490.28675237497276,-224.00064470107765,-224.00064470107765,-224.00064470107765,-185.18721908603612,-185.18721908603612,-185.18721908603612,-30.634854653562716,-30.634854653562716,-30.634854653562716,24.76083854182555,24.76083854182555,24.76083854182555,32.904390189105754,32.904390189105754,32.904390189105754,12.051686881938132,12.051686881938132,12.051686881938132,-0.26863534426519825,-0.26863534426519825,-0.26863534426519825,295.9563096103528,295.9563096103528,295.9563096103528,379.51766185065605,379.51766185065605,379.51766185065605,0.0,0.0,0.0,15649.045763291551
2023-07-01,15191.268928264797,13586.47066785689,15141.550843607854,15191.268928264797,15191.268928264797,-823.3765656448102,-823.3765656448102,-823.3765656448102,-224.00064470107765,-224.00064470107765,-224.00064470107765,-185.18721908603612,-185.18721908603612,-185.18721908603612,-30.634854653562716,-30.634854653562716,-30.634854653562716,24.76083854182555,24.76083854182555,24.76083854182555,32.904390189105754,32.904390189105754,32.904390189105754,12.051686881938132,12.051686881938132,12.051686881938132,-0.26863534426519825,-0.26863534426519825,-0.26863534426519825,-276.4407517733832,-276.4407517733832,-276.4407517733832,-361.7485947853907,-361.7485947853907,-361.7485947853907,0.0,0.0,0.0,14367.892362619987
2023-08-01,15224.862509524623,14875.670997304645,16438.323526581586,15224.862509524623,15224.862509524623,439.16458141938597,439.16458141938597,439.16458141938597,-224.00064470107765,-224.00064470107765,-224.00064470107765,-185.18721908603612,-185.18721908603612,-185.18721908603612,-30.634854653562716,-30.634854653562716,-30.634854653562716,24.76083854182555,24.76083854182555,24.76083854182555,32.904390189105754,32.904390189105754,32.904390189105754,12.051686881938132,12.051686881938132,12.051686881938132,-0.26863534426519825,-0.26863534426519825,-0.26863534426519825,-218.94738856402893,-218.94738856402893,-218.94738856402893,843.2991890694511,843.2991890694511,843.2991890694511,0.0,0.0,0.0,15664.027090944008
2023-09-01,15258.456090784448,15362.757178292595,16970.485175462843,15258.456090784448,15258.456090784448,942.7211553600257,942.7211553600257,942.7211553600257,-224.00064470107765,-224.00064470107765,-224.00064470107765,-185.18721908603612,-185.18721908603612,-185.18721908603612,-30.634854653562716,-30.634854653562716,-30.634854653562716,24.76083854182555,24.76083854182555,24.76083854182555,32.904390189105754,32.904390189105754,32.904390189105754,12.051686881938132,12.051686881938132,12.051686881938132,-0.26863534426519825,-0.26863534426519825,-0.26863534426519825,167.9980331595008,167.9980331595008,167.9980331595008,959.9103412865612,959.9103412865612,959.9103412865612,0.0,0.0,0.0,16201.177246144474
2023-10-01,15290.966008132666,14356.923713167942,15984.866659903282,15290.966008132666,15290.966008132666,-96.67763686331551,-96.67763686331551,-96.67763686331551,-224.00064470107765,-224.00064470107765,-224.00064470107765,-185.18721908603612,-185.18721908603612,-185.18721908603612,-30.634854653562716,-30.634854653562716,-30.634854653562716,24.76083854182555,24.76083854182555,24.76083854182555,32.904390189105754,32.904390189105754,32.904390189105754,12.051686881938132,12.051686881938132,12.051686881938132,-0.26863534426519825,-0.26863534426519825,-0.26863534426519825,-341.7844474752619,-341.7844474752619,-341.7844474752619,430.2940296979825,430.2940296979825,430.2940296979825,0.0,0.0,0.0,15194.28837126935
2023-11-01,15324.559589392493,14853.884953531513,16388.369016266173,15324.559589392493,15324.559589392493,319.2091814056578,319.2091814056578,319.2091814056578,-224.00064470107765,-224.00064470107765,-224.00064470107765,-185.18721908603612,-185.18721908603612,-185.18721908603612,-30.634854653562716,-30.634854653562716,-30.634854653562716,24.76083854182555,24.76083854182555,24.76083854182555,32.904390189105754,32.904390189105754,32.904390189105754,12.051686881938132,12.051686881938132,12.051686881938132,-0.26863534426519825,-0.26863534426519825,-0.26863534426519825,386.4243196199391,386.4243196199391,386.4243196199391,117.97208087175473,117.97208087175473,117.97208087175473,0.0,0.0,0.0,15643.768770798151
2023-12-01,15357.069506740709,12835.088260105555,14379.52994155502,15357.069506740709,15357.069506740709,-1762.5297866950266,-1762.5297866950266,-1762.5297866950266,-224.00064470107765,-224.00064470107765,-224.00064470107765,-185.18721908603612,-185.18721908603612,-185.18721908603612,-30.634854653562716,-30.634854653562716,-30.634854653562716,24.76083854182555,24.76083854182555,24.76083854182555,32.904390189105754,32.904390189105754,32.904390189105754,12.051686881938132,12.051686881938132,12.051686881938132,-0.26863534426519825,-0.26863534426519825,-0.26863534426519825,167.9980331607907,167.9980331607907,167.9980331607907,-1745.3406007697806,-1745.3406007697806,-1745.3406007697806,0.0,0.0,0.0,13594.539720045683
2024-01-01,15390.663088000534,14282.49601572128,15750.662967871809,15389.701619519112,15390.974015397513,-420.4235787721471,-420.4235787721471,-420.4235787721471,-224.00064470107765,-224.00064470107765,-224.00064470107765,-185.18721908603612,-185.18721908603612,-185.18721908603612,-30.634854653562716,-30.634854653562716,-30.634854653562716,24.76083854182555,24.76083854182555,24.76083854182555,32.904390189105754,32.904390189105754,32.904390189105754,12.051686881938132,12.051686881938132,12.051686881938132,-0.26863534426519825,-0.26863534426519825,-0.26863534426519825,-13.206074577510085,-13.206074577510085,-13.206074577510085,-222.03028510860088,-222.03028510860088,-222.03028510860088,0.0,0.0,0.0,14970.239509228388
2024-02-01,15424.25666926036,13728.085215877682,15277.922682098848,15413.880376011397,15432.341234762673,-938.1960994666626,-938.1960994666626,-938.1960994666626,-224.00064470107765,-224.00064470107765,-224.00064470107765,-185.18721908603612,-185.18721908603612,-185.18721908603612,-30.634854653562716,-30.634854653562716,-30.634854653562716,24.76083854182555,24.76083854182555,24.76083854182555,32.904390189105754,32.904390189105754,32.904390189105754,12.051686881938132,12.051686881938132,12.051686881938132,-0.26863534426519825,-0.26863534426519825,-0.26863534426519825,295.95630961202204,295.95630961202204,295.95630961202204,-1048.9651899926484,-1048.9651899926484,-1048.9651899926484,0.0,0.0,0.0,14486.060569793697
2024-03-01,15455.68292269697,14772.896973027398,16395.217270368492,15431.707621525346,15473.757358885283,145.31115286661299,145.31115286661299,145.31115286661299,-224.00064470107765,-224.00064470107765,-224.00064470107765,-185.18721908603612,-185.18721908603612,-185.18721908603612,-30.634854653562716,-30.634854653562716,-30.634854653562716,24.76083854182555,24.76083854182555,24.76083854182555,32.904390189105754,32.904390189105754,32.904390189105754,12.051686881938132,12.051686881938132,12.051686881938132,-0.26863534426519825,-0.26863534426519825,-0.26863534426519825,167.9980331601327,167.9980331601327,167.9980331601327,162.50033879251643,162.50033879251643,162.50033879251643,0.0,0.0,0.0,15600.994075563582
2024-04-01,15489.276503956795,14005.908098983215,15603.615815759873,15447.633467623467,15525.16766650953,-729.0564706735047,-729.0564706735047,-729.0564706735047,-224.00064470107765,-224.00064470107765,-224.00064470107765,-185.18721908603612,-185.18721908603612,-185.18721908603612,-30.634854653562716,-30.634854653562716,-30.634854653562716,24.76083854182555,24.76083854182555,24.76083854182555,32.904390189105754,32.904390189105754,32.904390189105754,12.051686881938132,12.051686881938132,12.051686881938132,-0.26863534426519825,-0.26863534426519825,-0.26863534426519825,-13.206074577713071,-13.206074577713071,-13.206074577713071,-530.6631770097553,-530.6631770097553,-530.6631770097553,0.0,0.0,0.0,14760.22003328329
2024-05-01,15521.786421305012,16000.010670867396,17561.813006510438,15461.137612269828,15575.870737092166,1296.2262565779706,1296.2262565779706,1296.2262565779706,-224.00064470107765,-224.00064470107765,-224.00064470107765,-185.18721908603612,-185.18721908603612,-185.18721908603612,-30.634854653562716,-30.634854653562716,-30.634854653562716,24.76083854182555,24.76083854182555,24.76083854182555,32.904390189105754,32.904390189105754,32.904390189105754,12.051686881938132,12.051686881938132,12.051686881938132,-0.26863534426519825,-0.26863534426519825,-0.26863534426519825,386.4243196195716,386.4243196195716,386.4243196195716,1094.989156044435,1094.989156044435,1094.989156044435,0.0,0.0,0.0,16818.012677882984
2024-06-01,15555.380002564838,14664.818993549861,16245.501714046468,15469.537471777714,15633.188585024345,-73.77636202318817,-73.77636202318817,-73.77636202318817,-224.00064470107765,-224.00064470107765,-224.00064470107765,-185.18721908603612,-185.18721908603612,-185.18721908603612,-30.634854653562716,-30.634854653562716,-30.634854653562716,24.76083854182555,24.76083854182555,24.76083854182555,32.904390189105754,32.904390189105754,32.904390189105754,12.051686881938132,12.051686881938132,12.051686881938132,-0.26863534426519825,-0.26863534426519825,-0.26863534426519825,-276.44075177325067,-276.44075177325067,-276.44075177325067,387.8516088360986,387.8516088360986,387.8516088360986,0.0,0.0,0.0,15481.603640541649
